ing,si,tr,l,n,z,int,er,gr,e,p,b
ent,ra,ad,l,d,x,eed,li,fl,s,p,b
ter,st,pr,n,l,z,ven,re,vi,e,d,n
ear,ry,ta,d,l,x,ame,se,mi,s,f,p
ain,to,ee,d,s,q,ack,th,rm,e,f,p
ate,we,lo,t,l,q,pri,le,il,e,h,p
for,it,go,p,l,j,per,al,nk,e,f,b
age,rd,fr,d,n,j,sho,ch,ro,e,a,h
est,la,ow,d,r,j,ure,de,ba,e,c,b
ice,ke,ld,d,l,v,mar,ng,wn,e,f,g
ide,bo,pe,d,l,r,lea,en,ay,n,c,g
end,ne,dr,d,n,v,her,te,ac,t,c,m
all,fa,he,b,n,i,ive,nd,wh,d,c,g
and,ss,ha,r,n,i,ind,in,ti,t,c,m
eat,pa,sp,v,e,i,act,me,po,t,c,g
ill,so,wa,r,g,u,ace,at,no,t,y,a
one,et,fo,r,m,s,own,ly,ed,g,y,f
ard,ge,wo,r,m,u,dea,fe,da,s,y,a
ose,wi,br,r,t,o,cha,ce,fi,t,h,a
ver,cl,el,h,m,o,ast,ll,pl,s,y,a
ort,rt,ex,r,m,o,ell,nt,un,t,y,a
sta,ca,bu,r,k,o,ase,ma,do,t,y,w
str,or,su,t,m,k,are,sh,ct,s,y,w
rea,an,id,t,y,k,wor,co,es,s,h,w
low,ar,us,s,f,m,the,mo,cr,l,h,w
ick,on,sa,e,r,k,pla,be,ho,u,h,w
ine,ck,ea,s,b,k,ess,ve,ue,e,h,w